Feature,Frontend %,Backend %,Integration %,Notes
Login / Auth,100,100,100,Real JWT auth integrated
Register,100,50,50,UI done; email verification backend done; frontend still uses mock demo login
Dashboard,100,0,0,Role-aware UI complete; all data is mock
Intake - File Upload + OCR,100,100,100,Gemini Vision OCR; AES-256-GCM encrypted markers
Intake - Manual Entry,100,100,100,Dynamic marker form; REST API integrated
Intake - Bulk CSV/Excel Import,100,100,100,pandas preview + confirm flow
Health Vault (List),100,0,0,UI complete; backend health_records CRUD not yet wired to vault page
Health Vault (Detail),100,0,0,Record detail UI done; no real API fetch
Intelligence Dashboard,100,0,0,AGI trends UI; all mock data
Agents Dashboard,100,0,0,5 agent cards; mock activity feed
AI Assistants / Chat,100,50,50,Pre-scripted responses; chat backend route exists
Digital Twin,100,0,0,Multi-marker overlay charts; all mock
Population Dashboard,100,0,0,Heatmaps; Maharashtra mock data
Offline Sync,100,0,0,IndexedDB UI; no real sync backend
Settings,100,50,50,Profile UI done; profile API integrated; notifications/security mock
